,"[1,1]","[2,2]","[3,3]","[4,4]","[5,5]","[6,6]","[7,7]","[8,8]","[9,9]","[10,10]","[11,11]","[12,12]"
"[6,7]","[32.392087,32.634837]","[32.661907,32.757282]","[32.290409,32.883304]","[31.408878,32.555244]","[29.730451,32.594303]","[29.155347,32.141908]","[29.898335,31.650753]","[30.963064,31.839483]","[31.562005,32.557386]","[32.320971,32.433654]","[32.176244,32.572025]","[30.784323,33.920078]"
"[7,8]","[32.311039,32.576245]","[32.627229,32.727725]","[32.354004,32.951507]","[31.593467,32.691156]","[30.584197,32.124200]","[29.245818,32.363504]","[29.988706,31.760769]","[30.597462,32.351278]","[31.438252,32.837384]","[32.386961,32.520079]","[32.172345,32.643987]","[30.646607,33.991347]"
"[8,9]","[32.291748,32.577641]","[32.617585,32.719339]","[32.377828,32.955106]","[31.630282,32.750985]","[30.464319,32.390601]","[29.243812,32.514281]","[30.298248,31.563654]","[30.492680,32.527852]","[31.450223,32.878090]","[32.320688,32.636918]","[32.183206,32.674582]","[30.707713,33.943110]"
"[9,10]","[32.298530,32.587035]","[32.616053,32.719158]","[32.380814,32.949544]","[31.662046,32.749040]","[30.565382,32.375128]","[29.218302,32.672385]","[30.376248,31.627890]","[30.491418,32.642249]","[31.429657,32.968942]","[32.266695,32.732081]","[32.197032,32.693145]","[30.845729,33.834192]"
"[10,11]","[32.340542,32.632766]","[32.642876,32.746915]","[32.380934,32.935662]","[31.646928,32.741938]","[30.677805,32.332473]","[29.157217,32.932562]","[30.532713,31.725772]","[30.851833,32.464268]","[31.414148,33.025533]","[32.213779,32.729916]","[32.258594,32.589591]","[31.588210,33.130090]"
"[11,12]","[32.301501,32.646404]","[32.637634,32.741800]","[32.386482,32.921022]","[31.660203,32.744549]","[30.753640,32.334099]","[29.602200,32.628457]","[30.641975,31.767818]","[30.855921,32.546561]","[31.603540,32.817893]","[32.235760,32.611226]","[32.120425,32.619355]","[31.446598,33.203244]"
"[12,13]","[31.263602,32.917356]","[32.356921,32.498611]","[32.326410,32.855791]","[32.034879,32.575278]","[30.536536,32.881028]","[29.692085,32.820057]","[30.750652,31.849125]","[31.155620,32.376482]","[31.457833,33.013302]","[32.138584,32.563400]","[31.878348,32.409331]","[31.271529,32.655870]"
"[13,14]","[31.458856,33.229967]","[32.560322,32.709396]","[31.995365,33.244479]","[31.861832,32.469837]","[29.414693,33.667316]","[29.618639,32.776075]","[30.805574,31.923905]","[31.177753,32.525379]","[31.443345,33.042437]","[32.081651,32.510531]","[31.967709,32.319584]","[31.140488,33.081325]"
"[14,15]","[31.509073,33.352669]","[32.683019,32.797915]","[32.287179,33.152672]","[31.969456,32.578501]","[29.738691,33.625770]","[29.355675,33.372572]","[30.981222,32.030111]","[31.375876,32.441764]","[31.430928,32.978422]","[31.814930,32.611441]","[31.874089,32.310278]","[31.351813,32.918142]"
"[15,16]","[31.404412,33.418310]","[32.624504,32.812359]","[32.271189,33.165209]","[31.999819,32.620447]","[29.945325,33.575402]","[29.506433,33.440735]","[31.056129,32.198331]","[31.395709,32.650978]","[31.605465,32.991339]","[31.780922,32.775302]","[31.909876,32.339519]","[31.267500,33.005801]"
"[16,17]","[31.398732,33.455200]","[32.607223,32.817512]","[32.255605,33.174054]","[32.086567,32.609016]","[30.080961,33.629472]","[29.824572,33.376645]","[31.177633,32.298548]","[31.483742,32.686675]","[31.608126,33.026740]","[31.809600,32.763679]","[31.917642,32.375749]","[31.306153,33.027079]"
"[17,18]","[31.438761,33.433612]","[32.602054,32.819305]","[32.274487,33.165637]","[32.140168,32.628932]","[30.213826,33.648999]","[30.074446,33.318969]","[30.871864,32.769326]","[31.544781,32.720238]","[31.635472,33.032997]","[31.837648,32.751246]","[31.921938,32.400415]","[31.281091,33.088457]"
"[18,19]","[31.457919,33.400266]","[32.589484,32.812773]","[32.288053,33.171585]","[32.201282,32.644331]","[30.331718,33.638533]","[30.296719,33.186272]","[30.016050,33.667686]","[31.508801,32.764354]","[31.655299,33.023126]","[31.850157,32.771457]","[31.937819,32.425668]","[31.255097,33.132997]"
"[19,20]","[31.465347,33.368465]","[32.579120,32.802451]","[32.314756,33.178419]","[32.259782,32.673744]","[30.438170,33.619451]","[30.467687,33.042700]","[29.293502,34.350142]","[31.506787,32.709863]","[31.639658,33.025980]","[31.876034,32.789079]","[31.954383,32.465869]","[31.235189,33.171706]"
"[20,21]","[31.476205,33.351469]","[32.564476,32.784749]","[32.317170,33.178047]","[32.308139,32.693018]","[30.552802,33.612158]","[30.656599,32.944985]","[29.183000,34.504357]","[31.560424,32.673344]","[31.652912,33.050592]","[31.997986,32.747343]","[32.011773,32.501791]","[31.256393,33.204819]"
"[21,22]","[31.466023,33.343988]","[32.556875,32.776755]","[32.322881,33.180635]","[32.344626,32.703696]","[30.651519,33.593081]","[30.805943,32.882180]","[29.118072,34.635755]","[31.541549,32.727971]","[31.646719,33.069891]","[31.960332,32.789135]","[31.986620,32.527257]","[31.173323,33.280055]"
"[22,23]","[31.482482,33.339994]","[32.549037,32.769791]","[32.325133,33.172952]","[32.370842,32.717427]","[30.781034,33.550058]","[30.952741,32.832552]","[29.122711,34.698354]","[31.611043,32.685876]","[31.572071,33.157427]","[31.930778,32.848166]","[31.954464,32.609451]","[31.002003,33.495875]"
"[23,24]","[31.509774,33.360582]","[32.547684,32.770891]","[32.309877,33.153643]","[32.357938,32.720474]","[30.850009,33.549426]","[31.118814,32.810638]","[29.402075,34.580262]","[31.708720,32.702206]","[31.611411,33.168035]","[31.950023,32.851187]","[31.977114,32.626267]","[30.908292,33.651607]"
"[24,25]","[31.525855,33.371598]","[32.538763,32.770328]","[32.286825,33.150462]","[32.359252,32.714773]","[30.845838,33.595229]","[31.192642,32.813459]","[29.414381,34.644959]","[31.754846,32.707249]","[31.648577,33.159783]","[31.961888,32.869802]","[31.982926,32.667329]","[30.932597,33.678164]"
"[25,26]","[31.511966,33.392568]","[32.536177,32.755885]","[32.282082,33.142009]","[32.405478,32.707270]","[31.232403,33.324613]","[31.364392,32.809464]","[29.804782,34.413648]","[31.824496,32.738741]","[31.674491,33.173343]","[31.974144,32.869322]","[31.993589,32.673274]","[30.992282,33.641116]"
"[26,27]","[31.446901,33.434028]","[32.524880,32.752492]","[32.288618,33.151211]","[32.466886,32.679913]","[31.113194,33.462306]","[31.467167,32.688518]","[29.468556,34.709259]","[31.839224,32.698033]","[31.686175,33.174851]","[31.996999,32.887398]","[31.984073,32.715738]","[30.992226,33.641172]"
"[27,28]","[31.604115,33.333387]","[32.551447,32.774177]","[32.338194,33.133330]","[32.479060,32.687271]","[31.111875,33.483847]","[31.506821,32.679456]","[29.440863,34.776621]","[31.891586,32.685495]","[31.683190,33.211838]","[32.003543,32.912811]","[31.995260,32.743984]","[30.968853,33.715988]"
"[28,29]","[31.568580,33.323848]","[32.543193,32.763931]","[32.348148,33.162801]","[32.511667,32.709313]","[31.139394,33.447946]","[31.489641,32.590903]","[28.900053,35.164640]","[31.856233,32.615377]","[31.675932,33.215597]","[32.057326,32.926301]","[31.979798,32.815855]","[30.926367,33.752339]"
"[29,30]","[31.538056,33.328839]","[32.531474,32.752655]","[32.347643,33.164562]","[32.531433,32.712583]","[31.179598,33.429692]","[31.519624,32.562342]","[28.994231,35.055102]","[31.867926,32.594340]","[31.679022,33.227236]","[32.074782,32.941566]","[31.969807,32.851098]","[30.883379,33.792784]"
"[30,31]","[31.579599,33.352369]","[32.537053,32.762819]","[32.317453,33.136138]","[32.514684,32.672430]","[31.226645,33.443739]","[31.667397,32.637828]","[29.685315,34.668988]","[32.002177,32.703749]","[31.714338,33.288174]","[32.067858,32.931910]","[31.912668,32.884302]","[30.918729,33.793094]"
"[31,32]","[31.592350,33.344652]","[32.537674,32.764343]","[32.328216,33.132903]","[32.524977,32.674316]","[31.251114,33.427524]","[31.682907,32.620089]","[29.488612,34.856800]","[31.970990,32.731582]","[31.711906,33.302538]","[32.081862,32.943210]","[31.948333,32.875220]","[30.936866,33.791353]"
"[32,33]","[31.595715,33.335120]","[32.535849,32.761342]","[32.325495,33.139567]","[32.530351,32.682498]","[31.275122,33.422387]","[31.718609,32.604515]","[29.469601,34.897026]","[31.990769,32.736218]","[31.738276,33.303370]","[32.100394,32.949282]","[31.933974,32.904327]","[30.870637,33.859518]"
"[33,34]","[31.779104,33.215324]","[32.554197,32.779624]","[32.327001,33.144429]","[32.530977,32.676719]","[31.300899,33.403665]","[31.758070,32.592735]","[29.500081,34.903812]","[32.008292,32.750036]","[31.766332,33.298848]","[32.113690,32.965855]","[31.951409,32.937439]","[30.901943,33.896204]"
"[34,35]","[31.798325,33.222102]","[32.558879,32.789629]","[32.330272,33.121363]","[32.501858,32.661667]","[31.142628,33.538729]","[31.820853,32.572103]","[29.755059,34.759187]","[32.126743,32.766008]","[31.838004,33.330418]","[32.131329,32.997414]","[31.921722,32.982604]","[30.919713,33.894217]"
"[35,36]","[31.634654,33.322408]","[32.525935,32.762119]","[32.295488,33.132870]","[32.515246,32.674796]","[31.402703,33.337329]","[31.837275,32.615037]","[29.900426,34.653886]","[32.149397,32.766238]","[31.891379,33.294680]","[32.110913,33.031875]","[31.871297,33.029187]","[30.874174,33.903303]"
"[36,37]","[31.547725,33.367846]","[32.517080,32.748245]","[32.297785,33.140861]","[32.544619,32.684616]","[31.424566,33.368035]","[31.909036,32.595966]","[30.042471,34.560886]","[32.188606,32.773309]","[31.886604,33.338736]","[32.128925,33.034262]","[31.865883,33.025626]","[30.853154,33.889208]"
"[37,38]","[31.494379,33.392725]","[32.518115,32.739927]","[32.325781,33.136505]","[32.554444,32.697100]","[31.268361,33.504256]","[31.869699,32.568039]","[29.771174,34.759030]","[32.195470,32.739435]","[31.925233,33.334264]","[32.143730,33.079709]","[31.859458,33.067270]","[30.843318,33.889453]"
"[38,39]","[31.600987,33.315138]","[32.531113,32.753277]","[32.364873,33.128857]","[32.565438,32.710247]","[31.327280,33.441732]","[31.844387,32.557785]","[29.557318,34.928511]","[32.181257,32.735977]","[31.919302,33.368792]","[32.184930,33.101739]","[31.862431,33.131241]","[30.830779,33.949533]"
"[39,40]","[31.583208,33.297072]","[32.518471,32.741937]","[32.371962,33.158621]","[32.592288,32.738188]","[31.281056,33.460308]","[31.769238,32.467457]","[29.013414,35.226213]","[32.075252,32.646465]","[31.886991,33.351203]","[32.214488,33.148247]","[31.883145,33.206483]","[30.821833,33.985813]"
"[40,41]","[31.624941,33.330716]","[32.525365,32.751720]","[32.341121,33.124716]","[32.559704,32.707247]","[31.377032,33.425055]","[31.890084,32.578470]","[29.831737,34.728369]","[32.193435,32.790413]","[31.960724,33.392760]","[32.210748,33.154840]","[31.858372,33.226912]","[30.866180,33.994249]"
"[41,42]","[31.628450,33.338965]","[32.525139,32.751545]","[32.341106,33.121174]","[32.558272,32.713122]","[31.434362,33.384799]","[31.919155,32.574668]","[29.852490,34.733146]","[32.216099,32.789910]","[31.951397,33.423842]","[32.208874,33.182434]","[31.859201,33.254699]","[30.875049,34.009363]"
"[42,43]","[31.630497,33.319520]","[32.520229,32.749534]","[32.346575,33.128439]","[32.565531,32.724517]","[31.452727,33.369863]","[31.921073,32.555712]","[29.625978,34.940037]","[32.212942,32.795266]","[31.974913,33.431077]","[32.216425,33.215625]","[31.861926,33.275642]","[30.795705,34.084636]"
"[43,44]","[31.646102,33.331911]","[32.518462,32.749348]","[32.332970,33.126507]","[32.559910,32.725921]","[31.470712,33.368953]","[31.939035,32.563578]","[29.659682,34.921132]","[32.184988,32.822061]","[32.041132,33.363890]","[32.216536,33.235740]","[31.874689,33.307720]","[30.840518,34.089302]"
"[44,45]","[31.626324,33.356170]","[32.516337,32.742055]","[32.334622,33.120704]","[32.560297,32.734992]","[31.534197,33.324073]","[31.990950,32.532765]","[29.681029,34.925476]","[32.205765,32.841585]","[32.040951,33.424829]","[32.271883,33.252554]","[31.898161,33.346551]","[30.906942,34.056962]"
"[45,46]","[31.683829,33.360648]","[32.516650,32.762190]","[32.316080,33.104115]","[32.522860,32.710875]","[31.362009,33.461984]","[31.956110,32.596147]","[29.936777,34.751491]","[32.260719,32.880295]","[32.054708,33.482975]","[32.301030,33.274027]","[31.874761,33.422930]","[30.894775,34.136628]"
"[46,47]","[31.611024,33.369545]","[32.501073,32.743841]","[32.302184,33.125207]","[32.546864,32.732126]","[31.681722,33.212527]","[32.008958,32.622196]","[30.118013,34.642306]","[32.249265,32.943090]","[32.056917,33.499692]","[32.286088,33.269271]","[31.693413,33.550305]","[30.858680,34.101402]"
"[47,48]","[31.438882,33.473712]","[32.493138,32.713330]","[32.318855,33.129460]","[32.569277,32.761507]","[31.615574,33.307703]","[32.039205,32.576246]","[29.966218,34.766120]","[32.252895,32.951812]","[32.104508,33.521014]","[32.314382,33.325092]","[31.866626,33.414114]","[30.777243,34.148660]"
"[48,49]","[31.603841,33.386128]","[32.514805,32.743230]","[32.364289,33.102673]","[32.559572,32.764616]","[31.482692,33.425157]","[32.021353,32.584613]","[29.778781,34.957229]","[32.253139,32.970112]","[32.083151,33.577523]","[32.360147,33.334344]","[31.932693,33.422827]","[30.812605,34.198448]"
"[49,50]","[31.623631,33.347127]","[32.501627,32.738804]","[32.374967,33.138439]","[32.591160,32.803257]","[31.486904,33.399474]","[31.918626,32.499950]","[29.036729,35.401754]","[32.090084,32.879647]","[31.994727,33.582089]","[32.406307,33.368639]","[31.999625,33.482439]","[30.799812,34.269993]"
"[50,51]","[31.661738,33.349345]","[32.508841,32.743407]","[32.363993,33.128944]","[32.575602,32.799295]","[31.486345,33.427470]","[31.961864,32.549200]","[29.453109,35.115212]","[32.117607,32.968577]","[32.087819,33.560249]","[32.432618,33.377037]","[32.033669,33.478039]","[30.866387,34.245499]"
"[51,52]","[31.665223,33.387114]","[32.512084,32.748367]","[32.341843,33.110826]","[32.548956,32.787798]","[31.484303,33.469574]","[31.998667,32.658811]","[29.868497,34.899210]","[32.206587,33.038331]","[32.084733,33.625662]","[32.420394,33.378287]","[32.024201,33.472031]","[30.851430,34.283507]"
"[52,53]","[31.656959,33.375736]","[32.507448,32.749297]","[32.352382,33.120733]","[32.555089,32.807972]","[31.508078,33.453402]","[31.977132,32.665018]","[29.625220,35.126181]","[32.208543,33.046006]","[32.121056,33.629550]","[32.452490,33.393395]","[32.054529,33.465736]","[30.778607,34.348564]"
"[53,54]","[31.656693,33.396705]","[32.506760,32.748263]","[32.345251,33.120545]","[32.549478,32.819751]","[31.529103,33.457378]","[32.038396,32.637013]","[29.652974,35.126401]","[32.198489,33.076746]","[32.138184,33.636645]","[32.459027,33.425250]","[32.089329,33.480209]","[30.829483,34.340761]"
"[54,55]","[31.646422,33.422623]","[32.502573,32.747191]","[32.338578,33.119702]","[32.538465,32.842054]","[31.515337,33.503680]","[32.025101,32.685438]","[29.619742,35.176202]","[32.184308,33.086338]","[32.193152,33.574398]","[32.488918,33.406391]","[32.126955,33.474435]","[30.811455,34.392992]"
"[55,56]","[31.656234,33.454289]","[32.506866,32.756680]","[32.335973,33.114698]","[32.539034,32.826842]","[31.541697,33.471568]","[32.045302,32.679286]","[29.669593,35.163483]","[32.203155,33.125123]","[32.179737,33.660500]","[32.521877,33.454015]","[32.148321,33.531958]","[30.885295,34.384578]"
"[56,57]","[31.689872,33.475294]","[32.505289,32.772777]","[32.307547,33.101554]","[32.504995,32.801776]","[31.382676,33.614997]","[32.040347,32.739853]","[29.838181,35.090827]","[32.191801,33.213247]","[32.234165,33.631033]","[32.521608,33.448165]","[32.142636,33.547293]","[30.948000,34.368219]"
"[57,58]","[31.596533,33.477440]","[32.491638,32.742957]","[32.313235,33.118103]","[32.511207,32.863637]","[31.691497,33.389174]","[32.075005,32.789700]","[30.148462,34.872992]","[32.276303,33.232194]","[32.263154,33.695114]","[32.512581,33.501032]","[32.193188,33.466933]","[30.771150,34.458422]"
"[58,59]","[31.488357,33.578753]","[32.486138,32.732727]","[32.321614,33.118480]","[32.529115,32.884393]","[31.698702,33.423072]","[32.109700,32.766921]","[29.872313,35.129433]","[32.253605,33.234475]","[32.259145,33.712606]","[32.543948,33.521202]","[32.203942,33.514852]","[30.794017,34.465031]"
"[59,60]","[31.603651,33.535995]","[32.497186,32.760715]","[32.347268,33.100138]","[32.515445,32.898749]","[31.555856,33.582532]","[32.095174,32.813121]","[29.876010,35.152746]","[32.241875,33.254396]","[32.112592,33.858571]","[32.543914,33.539087]","[32.240589,33.532448]","[30.857447,34.481285]"
"[60,61]","[31.667495,33.454985]","[32.505663,32.772281]","[32.389178,33.152787]","[32.547305,32.951742]","[31.499590,33.578609]","[31.937474,32.716969]","[29.011760,35.674315]","[32.090327,33.156787]","[32.284814,33.640155]","[32.603509,33.589752]","[32.325160,33.572449]","[30.871570,34.507918]"
"[61,62]","[31.703662,33.484460]","[32.510875,32.784080]","[32.355306,33.134833]","[32.506805,32.948374]","[31.550012,33.601652]","[32.039653,32.839679]","[29.563656,35.413694]","[32.181480,33.285754]","[32.313041,33.686266]","[32.582953,33.581853]","[32.324609,33.546995]","[30.894086,34.522593]"
"[62,63]","[31.680552,33.519716]","[32.509242,32.791533]","[32.353784,33.127466]","[32.486153,32.966317]","[31.564042,33.629066]","[32.079816,32.904672]","[29.942837,35.180538]","[32.288027,33.313564]","[32.331394,33.747777]","[32.573281,33.614002]","[32.332152,33.535769]","[30.846084,34.572402]"
"[63,64]","[31.653265,33.550885]","[32.508450,32.795680]","[32.355957,33.143786]","[32.477613,33.004098]","[31.554870,33.658130]","[32.070782,32.909829]","[29.606990,35.496688]","[32.291440,33.299647]","[32.374228,33.723012]","[32.600482,33.629167]","[32.357867,33.553104]","[30.829395,34.612198]"
"[64,65]","[31.653498,33.574251]","[32.505725,32.806185]","[32.356415,33.151113]","[32.450473,33.059391]","[31.592528,33.674610]","[32.096930,32.948629]","[29.666105,35.490714]","[32.290274,33.331985]","[32.392006,33.723992]","[32.611846,33.641570]","[32.373753,33.572786]","[30.919257,34.559505]"
"[65,66]","[31.642743,33.641540]","[32.508705,32.813973]","[32.334667,33.152161]","[32.467796,33.028803]","[31.598174,33.688863]","[32.108716,32.979393]","[29.692369,35.496901]","[32.307353,33.318399]","[32.426398,33.680383]","[32.647775,33.619541]","[32.430890,33.571113]","[30.980777,34.574973]"
"[66,67]","[31.648253,33.657377]","[32.492787,32.834412]","[32.333378,33.156500]","[32.438049,33.071363]","[31.605376,33.704356]","[32.114529,32.999635]","[29.670924,35.544851]","[32.296492,33.361683]","[32.477739,33.675259]","[32.658139,33.668856]","[32.434672,33.628035]","[31.075319,34.525454]"
"[67,68]","[31.653469,33.691472]","[32.493700,32.862066]","[32.317445,33.163126]","[32.417933,33.059308]","[31.487966,33.816637]","[32.106358,33.069166]","[29.936239,35.397024]","[32.342181,33.435439]","[32.454028,33.768893]","[32.669571,33.671604]","[32.446194,33.612438]","[31.009261,34.608344]"
"[68,69]","[31.592250,33.707922]","[32.474016,32.862836]","[32.327045,33.174029]","[32.416082,33.118090]","[31.770656,33.614453]","[32.164432,33.101892]","[30.067521,35.356785]","[32.395293,33.463600]","[32.508270,33.772869]","[32.676830,33.686414]","[32.465215,33.575825]","[30.913315,34.660041]"
"[69,70]","[31.476148,33.828819]","[32.452897,32.876950]","[32.317268,33.195376]","[32.413749,33.175132]","[31.833350,33.644851]","[32.228617,33.137212]","[30.205530,35.291842]","[32.393424,33.504089]","[32.516053,33.787412]","[32.685207,33.705749]","[32.474419,33.602197]","[30.965766,34.634471]"
"[70,71]","[31.516923,33.810271]","[32.457032,32.906331]","[32.358337,33.204506]","[32.414161,33.215250]","[31.666696,33.806945]","[32.170543,33.137915]","[29.727594,35.693302]","[32.354645,33.497770]","[32.555159,33.761045]","[32.720143,33.725075]","[32.505120,33.628180]","[30.976776,34.658437]"
"[71,72]","[31.636155,33.718152]","[32.453780,32.950472]","[32.399660,33.248226]","[32.429617,33.283520]","[31.675319,33.790430]","[32.078766,33.083259]","[29.245839,35.944298]","[32.258053,33.401272]","[32.495528,33.758326]","[32.746966,33.760667]","[32.558012,33.677875]","[31.065190,34.636258]"
"[72,73]","[31.641175,33.743851]","[32.452772,32.977191]","[32.364114,33.278562]","[32.409364,33.300118]","[31.711349,33.818382]","[32.153966,33.171554]","[29.744623,35.663631]","[32.318191,33.520321]","[32.560174,33.766902]","[32.749765,33.736584]","[32.560497,33.630407]","[30.990424,34.703415]"
"[73,74]","[31.614500,33.790704]","[32.439231,33.005470]","[32.371599,33.272915]","[32.394678,33.327454]","[31.740289,33.850845]","[32.204993,33.244975]","[30.059576,35.505857]","[32.410037,33.562175]","[32.587600,33.810361]","[32.761153,33.738476]","[32.552676,33.631675]","[30.954034,34.745921]"
"[74,75]","[31.616175,33.830165]","[32.433042,33.044926]","[32.366654,33.314809]","[32.395921,33.374286]","[31.768336,33.875891]","[32.247526,33.245657]","[29.857357,35.732284]","[32.441313,33.542633]","[32.616448,33.798094]","[32.783082,33.750876]","[32.558908,33.675097]","[31.054391,34.696566]"
"[75,76]","[31.613471,33.857626]","[32.419301,33.073480]","[32.340646,33.353736]","[32.393852,33.402283]","[31.820678,33.870776]","[32.305058,33.249757]","[29.872748,35.775829]","[32.453910,33.573030]","[32.634472,33.807621]","[32.795030,33.762019]","[32.608989,33.652696]","[31.095921,34.685648]"
"[76,77]","[31.645471,33.889415]","[32.418312,33.101998]","[32.348116,33.345367]","[32.400274,33.393293]","[31.833545,33.872404]","[32.292830,33.287914]","[29.907525,35.758414]","[32.466564,33.559938]","[32.647404,33.791776]","[32.821551,33.757411]","[32.657163,33.663431]","[31.163114,34.696832]"
"[77,78]","[31.646780,33.889732]","[32.388476,33.140936]","[32.332018,33.397096]","[32.407045,33.447349]","[31.844791,33.924019]","[32.296888,33.323244]","[29.888658,35.787256]","[32.441641,33.582441]","[32.641478,33.805026]","[32.813132,33.789149]","[32.652816,33.693981]","[31.218165,34.655185]"
"[78,79]","[31.699617,33.899235]","[32.384106,33.200724]","[32.318552,33.428755]","[32.406561,33.435980]","[31.903100,33.869380]","[32.330264,33.353295]","[30.063017,35.736794]","[32.513192,33.649431]","[32.742439,33.804674]","[32.864285,33.785768]","[32.683382,33.687943]","[31.131820,34.781459]"
"[79,80]","[31.654120,33.926891]","[32.362178,33.243836]","[32.340301,33.447324]","[32.433404,33.447662]","[31.829162,33.980174]","[32.359768,33.376040]","[30.212494,35.663806]","[32.552840,33.692292]","[32.744697,33.854624]","[32.857765,33.790082]","[32.659063,33.666681]","[31.057741,34.805730]"
"[80,81]","[31.624755,33.970105]","[32.345113,33.279547]","[32.334474,33.495144]","[32.463126,33.505971]","[32.107367,33.838681]","[32.462783,33.429914]","[30.608552,35.400508]","[32.577804,33.745823]","[32.732779,33.893287]","[32.863538,33.786079]","[32.662595,33.665702]","[31.067770,34.806481]"
"[81,82]","[31.517375,34.080873]","[32.362280,33.283649]","[32.396483,33.491640]","[32.464091,33.567946]","[31.967791,33.986899]","[32.414588,33.405697]","[30.016571,35.876162]","[32.549506,33.687536]","[32.729926,33.887548]","[32.899100,33.805098]","[32.709238,33.680317]","[31.185144,34.716189]"
"[82,83]","[31.686313,33.931457]","[32.375975,33.331077]","[32.447486,33.555574]","[32.496942,33.632845]","[31.961278,33.976182]","[32.321541,33.336949]","[29.530384,36.133937]","[32.459216,33.609986]","[32.752109,33.831663]","[32.941513,33.831946]","[32.757226,33.714395]","[31.155939,34.784074]"
"[83,84]","[31.748045,33.914690]","[32.400934,33.348594]","[32.441155,33.568011]","[32.506594,33.628157]","[31.996926,34.020185]","[32.423521,33.426050]","[30.154651,35.759699]","[32.562864,33.706749]","[32.751956,33.906408]","[32.923135,33.815976]","[32.738459,33.676236]","[31.071481,34.862366]"
"[84,85]","[31.747312,33.968520]","[32.408540,33.373855]","[32.446881,33.572515]","[32.513995,33.634196]","[32.015699,34.050081]","[32.449152,33.491744]","[30.310828,35.711313]","[32.627630,33.728603]","[32.807262,33.899742]","[32.945119,33.820206]","[32.755000,33.692079]","[31.132754,34.851438]"
"[85,86]","[31.794793,33.955525]","[32.435642,33.400598]","[32.485359,33.604007]","[32.504409,33.718408]","[32.088209,34.044987]","[32.548287,33.447648]","[30.155499,35.911371]","[32.666094,33.728535]","[32.834987,33.904985]","[32.963727,33.827582]","[32.763010,33.704237]","[31.197167,34.808872]"
"[86,87]","[31.806462,33.975625]","[32.459921,33.389785]","[32.500857,33.592060]","[32.575416,33.654509]","[32.043267,34.106249]","[32.523743,33.491618]","[30.178297,35.901736]","[32.660788,33.739917]","[32.844593,33.904737]","[32.992445,33.823421]","[32.818712,33.689271]","[31.205324,34.844979]"
"[87,88]","[31.796698,34.009062]","[32.456355,33.402527]","[32.468548,33.632964]","[32.570278,33.684213]","[32.113590,34.078440]","[32.540628,33.519591]","[30.186956,35.921571]","[32.721367,33.687437]","[32.823774,33.927464]","[32.996886,33.833041]","[32.834499,33.704489]","[31.304021,34.781713]"
"[88,89]","[31.842377,33.997775]","[32.480960,33.429984]","[32.511750,33.656301]","[32.636399,33.685624]","[32.138610,34.106043]","[32.551194,33.539085]","[30.178693,35.942131]","[32.663756,33.751299]","[32.861827,33.898699]","[33.002296,33.841812]","[32.841654,33.714801]","[31.236727,34.871525]"
"[89,90]","[31.913272,33.992489]","[32.506736,33.454812]","[32.534609,33.650984]","[32.628234,33.682678]","[32.173911,34.060067]","[32.579886,33.532518]","[30.199434,35.986284]","[32.764676,33.739548]","[32.957774,33.887803]","[33.053186,33.858176]","[32.888505,33.725498]","[31.228704,34.941474]"
"[90,91]","[31.918014,33.986899]","[32.463972,33.510377]","[32.531386,33.661592]","[32.666707,33.651509]","[32.056365,34.212461]","[32.613473,33.580896]","[30.495672,35.803123]","[32.797195,33.804608]","[32.910983,33.974895]","[33.048870,33.842031]","[32.876415,33.691432]","[31.199215,34.940385]"
"[91,92]","[31.867629,34.009692]","[32.509294,33.483415]","[32.590603,33.677204]","[32.751128,33.685699]","[32.414089,33.990491]","[32.698135,33.623744]","[30.776176,35.626779]","[32.857551,33.818436]","[32.972687,33.952959]","[33.052728,33.840232]","[32.867852,33.668935]","[31.155147,34.939586]"
"[92,93]","[31.701512,34.148470]","[32.559120,33.415759]","[32.594134,33.700561]","[32.715314,33.763300]","[32.235586,34.155498]","[32.648915,33.565490]","[30.069389,36.171650]","[32.803018,33.747106]","[32.920128,33.979862]","[33.089561,33.862213]","[32.873369,33.731955]","[31.259352,34.852967]"
"[93,94]","[31.909860,33.972703]","[32.588860,33.455572]","[32.658051,33.740805]","[32.783385,33.783042]","[32.238796,34.163249]","[32.595108,33.538889]","[29.887052,36.231491]","[32.760441,33.699583]","[32.908556,33.974145]","[33.110311,33.878570]","[32.915439,33.734472]","[31.207675,34.933184]"
"[94,95]","[32.004550,33.934311]","[32.618845,33.471782]","[32.689792,33.716426]","[32.788130,33.775040]","[32.280421,34.169717]","[32.661548,33.604471]","[30.368408,35.929637]","[32.854486,33.752440]","[32.959173,33.982114]","[33.117607,33.856032]","[32.865513,33.760511]","[31.146380,35.013812]"
"[95,96]","[31.999478,33.986453]","[32.637842,33.480881]","[32.681635,33.731365]","[32.828814,33.749891]","[32.303354,34.206305]","[32.728661,33.645136]","[30.572875,35.845854]","[32.911593,33.782601]","[32.970826,34.006122]","[33.119069,33.860950]","[32.865011,33.775798]","[31.240584,34.959056]"
"[96,97]","[32.024036,33.985145]","[32.678559,33.454999]","[32.732441,33.697912]","[32.846208,33.755506]","[32.345539,34.185251]","[32.774674,33.609310]","[30.336612,36.082348]","[32.941681,33.755597]","[32.989985,34.006981]","[33.155774,33.863622]","[32.907043,33.780582]","[31.287574,34.950373]"
"[97,98]","[32.038928,33.980530]","[32.681550,33.466875]","[32.729716,33.721663]","[32.871321,33.753526]","[32.355240,34.194719]","[32.762528,33.634160]","[30.351311,36.077088]","[32.949417,33.759571]","[33.001504,34.011857]","[33.173681,33.863985]","[32.934783,33.768218]","[31.277595,34.971349]"
"[98,99]","[32.037272,33.992191]","[32.700222,33.461880]","[32.738401,33.737640]","[32.892567,33.770770]","[32.374400,34.221629]","[32.798728,33.639474]","[30.375331,36.080639]","[32.972285,33.750058]","[32.971000,34.048901]","[33.173839,33.871250]","[32.955583,33.757802]","[31.354882,34.904832]"
"[99,100]","[32.068427,34.005465]","[32.728302,33.463894]","[32.756187,33.739493]","[32.910954,33.775972]","[32.406785,34.225279]","[32.815022,33.664245]","[30.364707,36.120872]","[32.999025,33.732910]","[33.050367,33.968481]","[33.173734,33.879605]","[32.983330,33.760212]","[31.275393,35.030549]"
"[100,101]","[32.082319,34.035547]","[32.751047,33.466274]","[32.768243,33.743768]","[32.927947,33.774958]","[32.400855,34.248693]","[32.841175,33.655832]","[30.373147,36.133077]","[32.975075,33.788961]","[33.075259,33.995333]","[33.236862,33.886818]","[33.012613,33.807158]","[31.304166,35.066899]"
"[101,102]","[32.161360,33.971847]","[32.760582,33.480460]","[32.773016,33.739340]","[32.930427,33.750684]","[32.419436,34.221339]","[32.862378,33.671796]","[30.565567,36.017642]","[33.043850,33.792210]","[33.056286,34.036669]","[33.226642,33.865079]","[32.976359,33.795012]","[31.261840,35.087925]"
"[102,103]","[32.093917,34.015347]","[32.748538,33.498280]","[32.792810,33.752736]","[32.996523,33.731836]","[32.365837,34.326929]","[32.890286,33.701551]","[30.712709,35.936952]","[33.071279,33.832972]","[33.037929,34.105927]","[33.235874,33.871356]","[32.980940,33.769739]","[31.235022,35.078253]"
"[103,108]","[32.054084,34.049536]","[32.818646,33.462088]","[32.852627,33.798200]","[33.064302,33.805935]","[32.553860,34.242857]","[32.921956,33.689048]","[30.401208,36.206148]","[33.076642,33.793565]","[33.092167,34.075922]","[33.290380,33.886307]","[33.021664,33.788578]","[31.244393,35.083587]"
"[108,113]","[32.183402,34.051183]","[32.887092,33.490750]","[32.894054,33.820472]","[33.125639,33.803910]","[32.580992,34.300734]","[33.004716,33.720459]","[30.507326,36.219391]","[33.161112,33.808397]","[33.163398,34.083794]","[33.362987,33.897499]","[33.128384,33.793876]","[31.319518,35.144926]"
"[113,118]","[32.167150,34.094710]","[32.924706,33.514973]","[32.943883,33.865257]","[33.227081,33.810041]","[32.629639,34.353869]","[33.065183,33.752577]","[30.576807,36.241606]","[33.228876,33.835446]","[33.179638,34.154861]","[33.421890,33.900538]","[33.159529,33.792784]","[31.305009,35.173415]"
"[118,123]","[32.224896,34.128521]","[32.974096,33.545587]","[32.993467,33.888463]","[33.289501,33.823180]","[32.687646,34.378697]","[33.123681,33.778297]","[30.586128,36.307909]","[33.296112,33.832301]","[33.260900,34.134761]","[33.481649,33.912111]","[33.261845,33.777610]","[31.370007,35.204321]"
"[123,128]","[32.257004,34.161238]","[33.010040,33.572759]","[33.026558,33.918898]","[33.349114,33.832722]","[32.732931,34.410087]","[33.173600,33.807425]","[30.749740,36.216729]","[33.326267,33.862566]","[33.313079,34.133833]","[33.533589,33.910760]","[33.335855,33.760393]","[31.404519,35.232985]"
"[128,133]","[32.333167,34.137031]","[33.051088,33.591267]","[33.070685,33.937929]","[33.410863,33.832612]","[32.775230,34.426999]","[33.217023,33.824495]","[30.834165,36.197603]","[33.401874,33.855493]","[33.364207,34.148071]","[33.575873,33.924960]","[33.383427,33.760897]","[31.450053,35.233811]"
"[133,138]","[32.386833,34.169481]","[33.100782,33.622435]","[33.157378,33.910783]","[33.454470,33.830984]","[32.747246,34.497802]","[33.257638,33.841569]","[30.935152,36.165122]","[33.441848,33.877937]","[33.381864,34.175625]","[33.603890,33.932535]","[33.422678,33.767738]","[31.446420,35.307190]"
"[138,143]","[32.327374,34.223237]","[33.132148,33.633630]","[33.319645,33.852286]","[33.537039,33.872418]","[32.885117,34.444617]","[33.284151,33.835779]","[30.859946,36.227099]","[33.457159,33.867710]","[33.422022,34.181850]","[33.657513,33.940998]","[33.454244,33.770998]","[31.482275,35.267616]"
"[143,148]","[32.415136,34.201877]","[33.156931,33.636093]","[33.143614,34.018749]","[33.540251,33.859572]","[32.863858,34.494028]","[33.321173,33.868970]","[30.974596,36.193189]","[33.497395,33.883298]","[33.438999,34.190466]","[33.684491,33.936706]","[33.492531,33.781684]","[31.515598,35.308249]"
"[148,153]","[32.441348,34.213460]","[33.189608,33.644272]","[33.160445,34.041892]","[33.521011,33.917052]","[32.888713,34.509251]","[33.354808,33.881432]","[31.048398,36.171212]","[33.521919,33.910545]","[33.478746,34.195566]","[33.714570,33.942395]","[33.511674,33.793463]","[31.541796,35.314761]"
"[153,158]","[32.479919,34.214603]","[33.232617,33.656776]","[33.248014,34.018176]","[33.606682,33.887852]","[32.909375,34.526118]","[33.373000,33.883555]","[31.026653,36.208428]","[33.549262,33.905312]","[33.491465,34.213087]","[33.733703,33.954916]","[33.520075,33.813220]","[31.533995,35.351464]"
"[158,163]","[32.492790,34.223719]","[33.253214,33.667916]","[33.241370,34.069603]","[33.635479,33.901033]","[32.903346,34.549082]","[33.366272,33.875160]","[30.863875,36.341254]","[33.535257,33.902872]","[33.512447,34.205374]","[33.697708,34.026487]","[33.530051,33.840606]","[31.538042,35.374075]"
"[163,168]","[32.457960,34.281260]","[33.264040,33.665683]","[33.224511,34.081514]","[33.645151,33.900187]","[32.951310,34.555497]","[33.433240,33.912740]","[31.249136,36.078772]","[33.601253,33.932911]","[33.532296,34.231963]","[33.704796,34.029787]","[33.526472,33.849882]","[31.567296,35.363488]"
"[168,173]","[32.520254,34.246066]","[33.296488,33.664943]","[33.238933,34.105377]","[33.668780,33.909846]","[32.955224,34.563468]","[33.424723,33.906678]","[31.056349,36.244325]","[33.607280,33.910371]","[33.555351,34.218005]","[33.722958,34.042578]","[33.549083,33.864300]","[31.573948,35.388143]"
"[173,178]","[32.543141,34.254442]","[33.323207,33.664862]","[33.250222,34.112196]","[33.685840,33.909424]","[32.971637,34.573901]","[33.447330,33.925617]","[31.140650,36.208148]","[33.648318,33.909921]","[33.569893,34.228874]","[33.737048,34.043824]","[33.552503,33.878167]","[31.587927,35.400457]"
"[178,183]","[32.553505,34.266556]","[33.377234,33.641406]","[33.266724,34.128481]","[33.706793,33.914787]","[32.976944,34.583964]","[33.452853,33.927667]","[31.137709,36.218318]","[33.655841,33.914350]","[33.579747,34.234804]","[33.756492,34.039868]","[33.554693,33.889596]","[31.587606,35.416145]"
"[183,188]","[32.554157,34.264448]","[33.351571,33.663650]","[33.273587,34.127735]","[33.723281,33.916307]","[32.986714,34.595394]","[33.464546,33.929540]","[31.108811,36.250957]","[33.657261,33.915155]","[33.602693,34.222556]","[33.785102,34.031555]","[33.564306,33.900567]","[31.591043,35.422917]"
"[188,193]","[32.332312,34.508293]","[33.378435,33.665073]","[33.315860,34.116494]","[33.712742,33.953793]","[33.008116,34.592769]","[33.485767,33.921230]","[31.120157,36.253086]","[33.638091,33.952992]","[33.648285,34.199859]","[33.836351,34.002779]","[33.610269,33.873768]","[31.450623,35.581393]"
"[193,198]","[32.830244,34.292111]","[33.491219,33.730056]","[33.417741,34.035763]","[33.279757,34.353020]","[33.163940,34.500830]","[33.601398,34.017262]","[32.083879,35.546963]","[33.773726,33.970613]","[33.518414,34.332575]","[33.837541,33.960638]","[33.687150,33.866618]","[31.819612,35.441386]"