,"[1, 1]","[2, 2]","[3, 3]","[4, 4]","[5, 5]","[6, 6]","[7, 7]","[8, 8]","[9, 9]","[10, 10]","[11, 11]","[12, 12]"
"[6, 7]","[5.41681, 9.82263]","[6.12346, 10.10955]","[5.48048, 10.82842]","[6.20602, 8.87609]","[5.02366, 7.59196]","[0.00000, 12.74111]","[1.64868, 5.74821]","[0.00000, 8.44631]","[0.42150, 7.17223]","[0.00000, 10.21898]","[1.65893, 10.08408]","[3.18819, 10.50507]"
"[7, 8]","[5.80999, 9.77157]","[6.00247, 10.21929]","[5.47573, 10.52895]","[6.22900, 8.78609]","[5.23963, 7.97060]","[0.00000, 12.22166]","[2.28787, 5.94970]","[0.00000, 9.94610]","[0.00000, 10.28968]","[0.00000, 9.74362]","[2.54102, 8.83651]","[2.92953, 10.99164]"
"[8, 9]","[5.66679, 9.83348]","[5.78987, 10.03009]","[5.71886, 9.83030]","[6.16568, 8.73748]","[5.43860, 8.16795]","[0.00000, 12.02816]","[2.45972, 6.31444]","[0.00000, 10.77653]","[0.00000, 8.16346]","[0.00000, 9.76400]","[2.12023, 9.38305]","[4.32846, 9.75597]"
"[9, 10]","[5.56730, 9.93542]","[6.18404, 10.08715]","[5.75102, 10.15165]","[6.04918, 8.54167]","[5.04112, 7.61247]","[0.00000, 13.17098]","[1.79418, 6.76718]","[0.00000, 11.67739]","[0.00000, 11.52905]","[0.00000, 10.37721]","[1.95884, 9.28416]","[3.64890, 10.02569]"
"[10, 11]","[5.89668, 9.46083]","[6.01930, 9.81368]","[5.51459, 10.05572]","[6.43165, 8.45983]","[5.50422, 8.22429]","[0.35000, 11.54146]","[1.30980, 8.31113]","[0.00000, 11.12098]","[0.00000, 10.89730]","[0.00000, 9.22675]","[0.96826, 10.27695]","[3.47930, 10.29044]"
"[11, 12]","[5.65228, 9.95064]","[5.99158, 10.20544]","[5.52065, 10.18836]","[6.14737, 8.31105]","[5.15822, 7.64851]","[0.00000, 13.17604]","[0.80572, 8.62115]","[0.00000, 12.42276]","[0.00000, 13.39461]","[0.00000, 11.95292]","[1.69139, 9.94387]","[3.63584, 10.28769]"
"[12, 13]","[5.76681, 9.70245]","[6.22057, 10.38177]","[5.59418, 10.56916]","[5.82947, 8.70068]","[5.09208, 7.54522]","[0.00000, 13.09206]","[1.92317, 8.49824]","[0.00000, 16.14527]","[0.00000, 12.14223]","[0.00000, 11.39984]","[0.03404, 11.15066]","[3.21698, 10.08741]"
"[13, 14]","[5.79659, 9.74828]","[6.06820, 10.26828]","[5.69734, 10.00458]","[5.77150, 8.65717]","[5.39562, 8.00737]","[1.66429, 11.16312]","[0.13382, 12.10488]","[0.00000, 15.69640]","[0.00000, 16.29754]","[0.00000, 10.99281]","[0.00000, 11.53128]","[3.34491, 10.12197]"
"[14, 15]","[5.79814, 9.61489]","[6.40330, 10.64376]","[5.81263, 10.86173]","[5.90568, 8.54476]","[4.67872, 7.21386]","[0.00000, 12.66512]","[0.00000, 11.73572]","[0.00000, 17.63098]","[0.00000, 18.71503]","[0.00000, 13.55391]","[0.82705, 10.75609]","[3.19015, 9.88569]"
"[15, 16]","[4.47867, 12.37924]","[6.92097, 10.36302]","[6.21931, 10.08136]","[6.00335, 8.50795]","[4.98223, 7.68429]","[0.00000, 12.30906]","[0.00000, 11.71448]","[0.00000, 16.12763]","[0.00000, 16.67014]","[0.00000, 14.42013]","[0.00000, 13.03165]","[4.50618, 10.56178]"
"[16, 17]","[4.95988, 12.27292]","[7.31537, 10.77082]","[6.13365, 10.53465]","[0.46379, 13.71613]","[4.84558, 7.50396]","[0.00000, 12.74789]","[0.00000, 13.80098]","[0.00000, 19.35178]","[0.00000, 14.03125]","[0.00000, 13.76728]","[0.00000, 13.09027]","[3.26776, 11.30994]"
"[17, 18]","[5.10481, 13.15623]","[7.93091, 11.91908]","[5.41679, 12.89971]","[6.29894, 8.90015]","[5.10946, 7.83498]","[0.00000, 13.40963]","[0.00000, 14.25627]","[0.00000, 20.67925]","[0.00000, 14.91503]","[0.00000, 13.01473]","[1.25909, 9.81550]","[3.00996, 11.44925]"
"[18, 19]","[4.67269, 12.56131]","[4.49316, 14.70532]","[6.02773, 12.78354]","[6.18782, 10.12007]","[5.29111, 8.05955]","[0.00000, 12.50530]","[0.00000, 13.90871]","[0.00000, 19.81045]","[0.00000, 17.08016]","[0.00000, 15.38987]","[0.00000, 14.48790]","[2.17055, 12.13344]"
"[19, 20]","[3.27361, 14.43550]","[4.71291, 15.65224]","[4.77547, 15.01736]","[5.65044, 10.79170]","[4.93666, 7.95556]","[0.00000, 13.14084]","[0.00000, 15.56227]","[0.00000, 22.34616]","[0.00000, 15.41620]","[0.00000, 16.61697]","[0.00000, 12.39680]","[2.78806, 11.13302]"
"[20, 21]","[4.48842, 13.21314]","[4.62788, 15.33385]","[4.90110, 14.36054]","[6.57371, 10.01628]","[5.15193, 9.18635]","[0.00000, 14.25765]","[0.00000, 16.03036]","[0.00000, 22.91954]","[0.00000, 18.01237]","[0.00000, 16.53769]","[0.00000, 14.22995]","[2.99213, 10.96917]"
"[21, 22]","[4.19305, 13.28614]","[5.79625, 14.23489]","[6.03134, 13.82934]","[5.05128, 12.16329]","[4.24751, 9.98285]","[0.36710, 12.56801]","[0.00000, 15.77512]","[0.00000, 22.64576]","[0.00000, 16.30689]","[0.00000, 17.39784]","[0.00000, 15.28909]","[1.60983, 12.50621]"
"[22, 23]","[3.29000, 13.63661]","[7.45708, 12.42379]","[5.59848, 14.61168]","[4.77046, 12.77139]","[4.19055, 9.78121]","[0.00000, 12.85029]","[0.00000, 16.72211]","[0.00000, 22.88496]","[0.00000, 18.45588]","[0.00000, 18.78801]","[0.00000, 15.71357]","[1.56260, 12.24165]"
"[23, 24]","[3.79723, 12.89594]","[7.53774, 11.49060]","[6.39543, 12.71827]","[4.67088, 12.73877]","[4.46755, 11.34971]","[3.23646, 12.48791]","[0.00000, 17.39644]","[0.00000, 23.78980]","[0.00000, 19.84250]","[0.00000, 19.10922]","[0.00000, 15.84488]","[2.11027, 11.58480]"
"[24, 25]","[4.21671, 13.02937]","[5.21588, 14.49970]","[5.21901, 14.57100]","[4.81895, 12.47685]","[3.27736, 11.01097]","[0.69195, 12.42222]","[0.00000, 18.46738]","[0.00000, 23.72334]","[0.00000, 23.33944]","[0.00000, 20.94606]","[0.00000, 17.38499]","[0.01781, 14.56615]"
"[25, 26]","[3.44539, 12.89494]","[3.28537, 16.00030]","[3.32570, 13.95266]","[4.25280, 12.15093]","[4.29521, 13.06982]","[1.75581, 12.37226]","[0.00000, 18.26231]","[0.00000, 26.27405]","[0.00000, 19.51020]","[0.00000, 22.03659]","[0.00000, 17.82146]","[2.45659, 12.77994]"
"[26, 27]","[3.90581, 13.20445]","[3.72565, 14.26584]","[4.53142, 12.13310]","[3.69992, 12.61227]","[5.20964, 10.91072]","[1.12176, 12.79864]","[0.00000, 16.18548]","[0.00000, 27.67374]","[0.00000, 18.57244]","[0.00000, 22.35950]","[0.00000, 18.02711]","[0.00000, 38.67585]"
"[27, 28]","[2.85704, 14.45197]","[6.52830, 9.94713]","[4.33972, 11.39907]","[4.36550, 10.70605]","[6.23649, 9.14351]","[1.22577, 13.12935]","[0.00000, 18.85257]","[0.00000, 27.75012]","[0.00000, 21.03974]","[0.00000, 24.30123]","[0.00000, 19.50094]","[1.08352, 15.21568]"
"[28, 29]","[3.66573, 14.51813]","[7.35308, 12.88381]","[6.87709, 12.61408]","[6.65946, 9.65674]","[5.40943, 8.07907]","[2.17714, 11.34467]","[0.00000, 17.55527]","[0.00000, 25.67545]","[0.00000, 22.84837]","[0.00000, 23.63005]","[0.00000, 18.60321]","[0.19579, 15.44241]"
"[29, 30]","[3.75469, 14.57119]","[6.41697, 13.71388]","[5.95349, 13.09787]","[6.15652, 10.08244]","[5.87226, 8.89331]","[2.62688, 13.85510]","[1.06186, 19.00412]","[0.00000, 27.57669]","[0.00000, 23.51610]","[0.00000, 24.93021]","[0.00000, 20.60163]","[0.00000, 15.93575]"
"[30, 31]","[4.12818, 13.30102]","[6.13596, 13.65654]","[5.74293, 14.02260]","[6.74025, 10.16191]","[5.39828, 8.44749]","[2.12498, 11.61982]","[0.00000, 17.97698]","[0.00000, 27.24348]","[0.00000, 26.35707]","[0.00000, 26.48903]","[0.00000, 21.05560]","[0.78801, 14.85030]"
"[31, 32]","[4.12414, 13.91942]","[4.32103, 15.10032]","[5.20709, 13.41711]","[6.30379, 9.86866]","[5.85735, 8.87014]","[2.91664, 13.45760]","[3.11233, 17.25239]","[0.00000, 28.29007]","[0.00000, 25.41787]","[0.00000, 26.17247]","[0.00000, 21.86423]","[0.00000, 17.22984]"
"[32, 33]","[3.35500, 14.26251]","[3.83204, 15.89434]","[4.04084, 15.59269]","[6.81486, 10.07026]","[5.01995, 9.12980]","[1.16300, 13.40828]","[0.00000, 19.07637]","[0.00000, 28.50457]","[0.00000, 27.07762]","[0.00000, 27.51102]","[0.00000, 23.70474]","[0.00000, 16.40043]"
"[33, 34]","[3.63902, 14.29481]","[3.44111, 16.12165]","[3.90377, 15.30283]","[6.07792, 10.50617]","[5.00242, 9.13236]","[3.30808, 11.32046]","[0.07644, 18.23328]","[0.00000, 27.10697]","[0.00000, 26.04329]","[0.00000, 27.73524]","[0.00000, 22.76483]","[0.00000, 18.18455]"
"[34, 35]","[3.20638, 14.65673]","[3.98344, 15.67348]","[4.99926, 14.68364]","[6.67600, 10.66208]","[5.06086, 9.94094]","[2.01697, 13.63014]","[1.07745, 18.61965]","[0.00000, 28.98186]","[0.00000, 30.47874]","[0.00000, 28.49119]","[0.00000, 25.04935]","[0.00000, 18.56307]"
"[35, 36]","[3.17748, 14.43504]","[3.69898, 15.72231]","[5.43723, 14.25084]","[6.49042, 10.89971]","[4.81734, 9.98405]","[2.64011, 12.58485]","[0.00000, 22.94696]","[0.00000, 28.82445]","[0.00000, 28.63358]","[0.00000, 29.38126]","[0.00000, 24.75335]","[0.00000, 19.04454]"
"[36, 37]","[3.99999, 14.75910]","[3.84256, 15.85203]","[4.52944, 14.17073]","[5.68803, 10.76500]","[5.23995, 10.52847]","[4.29866, 14.33356]","[5.85028, 18.01602]","[0.00000, 29.87579]","[0.00000, 29.24221]","[0.00000, 30.84312]","[0.00000, 24.83889]","[0.00000, 20.46291]"
"[37, 38]","[3.85171, 14.32997]","[3.36377, 16.35749]","[5.44466, 14.32600]","[6.31984, 11.26570]","[4.75259, 10.80620]","[1.55418, 15.21777]","[0.87160, 20.75950]","[0.00000, 29.46358]","[0.00000, 29.35325]","[0.00000, 30.38117]","[0.00000, 26.00037]","[0.00000, 21.22129]"
"[38, 39]","[3.56235, 14.62993]","[6.96316, 10.12448]","[5.83458, 10.50916]","[5.00133, 10.57260]","[4.53580, 11.06450]","[4.22565, 13.39197]","[4.32852, 17.34282]","[0.00000, 29.33180]","[0.00000, 29.77528]","[0.00000, 32.65166]","[0.00000, 26.66327]","[0.00000, 23.55010]"
"[39, 40]","[3.63948, 13.73534]","[7.27822, 11.50714]","[6.88001, 12.53553]","[6.20902, 11.88123]","[4.72025, 11.88693]","[0.51207, 17.30046]","[0.78146, 21.60814]","[0.00000, 29.54023]","[0.00000, 30.47479]","[0.00000, 33.31086]","[0.00000, 26.92350]","[0.00000, 21.92156]"
"[40, 41]","[4.72681, 12.99708]","[7.34781, 11.57373]","[6.56422, 13.04221]","[6.28499, 11.98852]","[4.52248, 12.09877]","[2.82208, 14.93317]","[3.32753, 19.36564]","[0.00000, 29.95490]","[1.22792, 30.46831]","[0.00000, 32.39077]","[0.00000, 26.72192]","[0.00000, 21.96939]"
"[41, 42]","[4.03295, 14.40914]","[7.81194, 11.07896]","[6.10465, 12.77922]","[5.85162, 12.28497]","[5.34031, 13.12336]","[3.32878, 18.34934]","[5.99335, 21.21157]","[0.47686, 31.47194]","[0.00000, 32.77319]","[0.00000, 32.99034]","[0.00000, 27.20095]","[0.00000, 24.27904]"
"[42, 43]","[4.26516, 12.92078]","[7.51376, 11.27723]","[6.09691, 14.03932]","[6.48536, 12.78289]","[4.68541, 13.07844]","[1.94042, 17.02294]","[1.60225, 22.53609]","[0.00000, 30.67726]","[2.54842, 31.01631]","[0.00000, 31.76294]","[0.00000, 28.06397]","[0.00000, 23.82672]"
"[43, 44]","[4.80716, 13.77962]","[5.98504, 11.97452]","[5.81307, 11.68012]","[5.06279, 12.14952]","[4.57028, 13.99888]","[4.69120, 17.98630]","[8.20736, 20.32948]","[1.65075, 31.54940]","[0.52226, 33.41834]","[0.00000, 34.69745]","[0.00000, 27.61450]","[0.00000, 23.71507]"
"[44, 45]","[4.80414, 13.38671]","[6.44931, 12.55054]","[5.82231, 13.72973]","[6.01903, 12.66420]","[3.90659, 14.21646]","[2.70255, 17.83206]","[3.17581, 23.11213]","[1.65490, 30.68973]","[2.01739, 32.55139]","[0.00000, 32.95759]","[0.00000, 29.58428]","[0.00000, 26.06610]"
"[45, 46]","[4.30115, 13.58638]","[6.14604, 11.73105]","[6.33314, 12.84319]","[5.76644, 13.90564]","[4.85974, 14.73109]","[3.27539, 17.80336]","[0.00000, 26.95519]","[0.09969, 31.21689]","[1.95849, 32.88105]","[0.00000, 34.61486]","[0.00000, 29.20111]","[0.00000, 25.84039]"
"[46, 47]","[4.08372, 13.34611]","[6.80647, 10.86613]","[5.45198, 13.86397]","[5.48500, 14.51636]","[5.30719, 14.67100]","[3.25126, 18.35260]","[4.29090, 22.07003]","[2.24471, 30.29705]","[3.23809, 32.90089]","[1.17500, 33.09555]","[0.00000, 29.08731]","[0.00000, 26.19820]"
"[47, 48]","[4.57780, 12.66598]","[7.09056, 10.73340]","[4.92662, 15.24859]","[5.14057, 16.22679]","[6.04597, 15.23555]","[3.69361, 18.74776]","[3.39933, 23.43697]","[2.30958, 30.77858]","[5.31545, 31.70562]","[0.00000, 35.64253]","[0.00000, 29.83115]","[0.00000, 27.17518]"
"[48, 49]","[4.04097, 13.65973]","[7.63991, 10.52866]","[6.34526, 13.81366]","[5.37909, 15.56826]","[5.25024, 15.36539]","[4.66170, 17.07498]","[5.33594, 20.86524]","[1.92627, 30.59361]","[2.04671, 34.46891]","[0.00000, 35.85971]","[0.00000, 29.55821]","[0.00000, 27.06125]"
"[49, 50]","[3.69910, 13.65997]","[7.03697, 10.67894]","[4.54404, 15.99556]","[5.93647, 16.55800]","[6.11990, 16.59025]","[3.80432, 19.55703]","[2.58934, 24.26333]","[0.98448, 31.61068]","[6.35829, 30.45933]","[1.16705, 34.64251]","[0.00000, 29.56150]","[0.00000, 28.13055]"
"[50, 51]","[3.65831, 13.14884]","[6.22154, 10.07127]","[4.35502, 14.80057]","[4.88258, 17.09939]","[5.90619, 17.24625]","[4.88899, 19.24867]","[4.96409, 22.35604]","[2.02568, 30.68359]","[2.74156, 34.33520]","[1.57266, 35.03321]","[0.38407, 30.17655]","[0.00000, 28.62454]"
"[51, 52]","[4.34642, 12.87554]","[7.22558, 10.78421]","[5.18475, 15.90159]","[6.46485, 16.53385]","[5.19491, 18.08995]","[4.52730, 20.01977]","[5.79102, 23.28465]","[4.54923, 31.05759]","[6.22257, 33.48900]","[2.71658, 34.94493]","[0.59669, 29.45968]","[0.00000, 28.12127]"
"[52, 53]","[5.75319, 12.82262]","[7.13424, 10.45178]","[3.68739, 16.22545]","[6.11620, 17.19751]","[7.80463, 18.66693]","[8.05648, 21.69708]","[9.75673, 24.14269]","[5.41432, 32.78972]","[6.33102, 33.96967]","[3.05044, 34.95803]","[1.02805, 30.50774]","[0.00000, 29.41470]"
"[53, 54]","[4.02371, 13.43675]","[6.36841, 10.17801]","[6.21174, 12.94236]","[5.41662, 16.98279]","[4.53718, 20.32978]","[6.59251, 20.94250]","[6.69199, 25.18202]","[6.65868, 30.60848]","[7.44493, 33.18499]","[2.73561, 36.14028]","[2.23439, 29.69484]","[0.00000, 28.79645]"
"[54, 55]","[6.07719, 13.13622]","[5.56520, 13.00538]","[3.73970, 16.93552]","[5.24095, 17.72310]","[5.91370, 18.80957]","[6.42522, 20.95521]","[5.58343, 26.63946]","[5.50778, 32.54582]","[7.98470, 33.42664]","[4.70165, 34.69536]","[1.91575, 30.53416]","[0.00000, 30.88420]"
"[55, 56]","[5.57779, 13.67471]","[7.32283, 11.31430]","[4.08518, 16.60936]","[4.89217, 17.96866]","[5.45600, 19.11204]","[7.18301, 20.20090]","[6.33499, 26.23156]","[6.65595, 32.05880]","[6.82002, 35.33593]","[5.13841, 34.81704]","[2.15328, 30.56212]","[0.00000, 30.56744]"
"[56, 57]","[5.40452, 13.46975]","[6.87279, 11.45154]","[4.05783, 16.68888]","[4.79327, 18.37376]","[5.39900, 19.47276]","[7.08298, 20.58136]","[0.00000, 36.75120]","[7.59628, 32.25053]","[11.37303, 32.40418]","[5.77221, 35.76235]","[3.05257, 30.60217]","[0.00000, 30.39029]"
"[57, 58]","[6.80960, 15.38702]","[7.41269, 12.81222]","[3.26790, 18.02642]","[4.18928, 19.81895]","[7.27666, 20.28543]","[9.37402, 22.66236]","[12.62737, 24.71495]","[9.37018, 32.76535]","[8.27302, 35.82591]","[7.74440, 33.85195]","[3.61475, 31.60625]","[0.00000, 33.02031]"
"[58, 59]","[5.53302, 15.52390]","[5.56428, 14.61489]","[5.70816, 16.54396]","[4.93379, 19.34641]","[5.70240, 19.78498]","[6.59640, 21.16132]","[7.09714, 25.82582]","[8.26433, 31.56738]","[11.88545, 32.53981]","[6.42284, 36.60983]","[5.42410, 30.37038]","[0.00000, 32.21566]"
"[59, 60]","[5.06346, 16.27470]","[2.79720, 17.95096]","[4.39267, 19.19151]","[4.93871, 21.72471]","[6.50958, 22.08123]","[9.67676, 21.02603]","[5.96962, 28.88676]","[8.07993, 32.42869]","[9.46860, 34.82346]","[5.91108, 36.85900]","[4.47068, 31.30978]","[0.00000, 31.79012]"
"[60, 61]","[4.69505, 16.50772]","[0.00000, 29.47896]","[4.21917, 19.56917]","[4.98051, 21.42640]","[6.22369, 21.66962]","[7.27929, 22.92511]","[8.20135, 27.08125]","[9.41720, 32.55662]","[11.01774, 35.11231]","[7.52617, 36.54972]","[5.64581, 30.50938]","[0.00000, 31.86798]"
"[61, 62]","[5.34015, 17.30218]","[3.86978, 17.06267]","[5.04825, 18.01806]","[4.33595, 22.16792]","[6.55512, 23.16691]","[10.58894, 22.63572]","[11.46118, 26.58028]","[10.51821, 32.96562]","[12.88792, 33.83938]","[8.50554, 36.42902]","[6.53587, 31.44803]","[0.00000, 32.79983]"
"[62, 63]","[5.44564, 17.18798]","[2.14829, 19.28108]","[4.41621, 19.76373]","[4.06392, 23.54510]","[7.04267, 22.83766]","[7.63641, 24.37069]","[7.07434, 28.88448]","[9.81194, 31.78211]","[10.65372, 35.12728]","[8.59103, 36.26744]","[6.59608, 31.56010]","[0.00000, 33.48338]"
"[63, 64]","[4.98054, 17.82833]","[6.92630, 12.26579]","[2.34751, 18.56742]","[3.70410, 22.31311]","[7.23630, 24.51258]","[11.13895, 25.55087]","[15.71442, 25.30023]","[11.13649, 33.81096]","[13.58670, 33.73205]","[8.85935, 37.13525]","[8.60362, 31.34330]","[0.00000, 34.42970]"
"[64, 65]","[6.12328, 16.75945]","[5.56334, 15.55913]","[2.77685, 21.32568]","[4.41171, 24.12599]","[8.33606, 23.53682]","[8.11149, 26.22288]","[10.40586, 27.34344]","[11.35873, 31.21063]","[11.02289, 35.36016]","[10.39369, 35.28814]","[7.71165, 31.57520]","[0.00000, 34.72489]"
"[65, 66]","[4.72922, 18.82196]","[5.54983, 13.64376]","[3.31804, 17.42181]","[5.15864, 21.51723]","[8.31519, 25.35986]","[11.75759, 27.46804]","[16.78131, 26.15877]","[10.27980, 35.27940]","[14.01482, 33.00270]","[8.50610, 37.31843]","[9.04944, 31.51439]","[0.00000, 35.85242]"
"[66, 67]","[4.37824, 17.66858]","[6.08697, 15.42847]","[3.78212, 21.79819]","[6.12020, 24.37663]","[7.73833, 26.11316]","[12.85742, 23.44724]","[6.32648, 33.52795]","[12.53784, 32.10795]","[12.45272, 35.38293]","[10.51902, 35.39483]","[6.03703, 32.26218]","[0.00000, 34.18341]"
"[67, 68]","[4.98331, 19.57907]","[3.60275, 19.25197]","[3.86443, 21.75289]","[5.28889, 24.80223]","[8.62939, 25.39160]","[9.80832, 27.50799]","[13.48405, 27.62886]","[11.92337, 33.52655]","[14.88106, 33.32177]","[9.88910, 36.72608]","[8.76107, 31.29490]","[0.00000, 35.26044]"
"[68, 69]","[4.64111, 20.36434]","[4.52901, 18.50959]","[4.07973, 21.66579]","[6.00313, 24.31733]","[7.17400, 27.16311]","[12.44318, 25.15607]","[14.58718, 26.72607]","[12.94360, 32.74078]","[14.07620, 34.58515]","[11.68563, 35.68043]","[9.57934, 31.36579]","[0.00000, 36.09094]"
"[69, 70]","[5.15572, 19.39904]","[3.70392, 18.90237]","[4.11393, 21.95268]","[4.52070, 27.10656]","[8.94276, 27.12696]","[11.45989, 27.39649]","[14.25112, 27.37069]","[12.89633, 32.45727]","[15.68964, 32.70942]","[11.04144, 36.51946]","[10.35300, 30.98213]","[0.00000, 36.68782]"
"[70, 71]","[4.24451, 20.76407]","[5.23834, 17.83477]","[3.97138, 22.46014]","[7.28147, 24.97607]","[8.00747, 29.55571]","[13.33346, 28.09283]","[17.79301, 26.94516]","[14.61588, 33.42242]","[15.21978, 34.72314]","[10.57278, 37.44251]","[11.11179, 30.23320]","[0.00000, 35.60286]"
"[71, 72]","[4.31536, 21.52324]","[4.90255, 19.94525]","[5.06664, 24.16672]","[7.13752, 27.91754]","[10.70214, 28.25368]","[13.10595, 27.75244]","[14.56227, 28.45583]","[13.77531, 32.87809]","[15.59372, 34.22856]","[12.53104, 36.37946]","[10.30112, 32.06411]","[0.00000, 37.83192]"
"[72, 73]","[2.14184, 24.09726]","[3.57445, 20.54774]","[4.42389, 23.06854]","[7.45350, 26.00885]","[9.22729, 29.59464]","[14.20272, 28.30637]","[18.23709, 27.28318]","[14.87019, 33.78880]","[16.31408, 34.39616]","[10.95688, 38.18311]","[12.33295, 30.42563]","[0.00000, 36.89099]"
"[73, 74]","[3.53465, 24.41086]","[4.11103, 22.26607]","[4.11049, 24.90966]","[6.00908, 27.25878]","[8.41038, 28.61656]","[14.31124, 25.92239]","[15.31040, 28.61688]","[15.50473, 32.56858]","[15.50376, 35.11356]","[12.50235, 36.47669]","[11.52034, 31.12199]","[0.00000, 37.02802]"
"[74, 75]","[5.84455, 24.88424]","[0.47041, 27.28363]","[4.67562, 24.33341]","[5.87050, 27.70408]","[10.18574, 29.02424]","[15.27973, 28.69104]","[20.05350, 27.11071]","[14.20175, 34.75023]","[15.82802, 33.46150]","[11.44835, 36.05512]","[12.49873, 30.55632]","[0.50673, 36.19501]"
"[75, 76]","[4.62150, 25.36200]","[2.58433, 26.01172]","[4.58447, 26.49956]","[6.09920, 28.83812]","[8.53432, 29.77901]","[16.42878, 24.91204]","[14.47645, 30.57563]","[16.64168, 32.62110]","[16.18337, 35.62791]","[13.27939, 36.89185]","[12.29594, 31.67606]","[0.00000, 36.87446]"
"[76, 77]","[5.75991, 24.39447]","[4.61341, 23.37626]","[3.97720, 26.14752]","[5.24546, 29.72909]","[10.70714, 29.62868]","[15.66922, 29.21180]","[19.49896, 28.90621]","[16.01942, 34.84841]","[17.47350, 34.02656]","[12.84860, 36.27096]","[10.38942, 33.07093]","[0.00000, 38.04017]"
"[77, 78]","[5.53244, 25.26365]","[4.20181, 24.83439]","[6.72614, 24.88278]","[9.03576, 26.82622]","[8.73063, 30.78266]","[15.56345, 26.84149]","[11.55919, 34.16586]","[16.98328, 32.74317]","[16.85346, 35.66307]","[13.58730, 37.79748]","[14.00586, 31.48609]","[0.24718, 36.99031]"
"[78, 79]","[4.13627, 26.71039]","[4.68964, 24.50887]","[6.32555, 25.79557]","[7.12242, 30.07574]","[11.29484, 30.52389]","[16.22039, 28.90711]","[18.89859, 28.97255]","[16.09070, 34.47429]","[18.08276, 34.02171]","[13.84998, 36.59387]","[13.88686, 30.89073]","[0.00000, 39.07685]"
"[79, 80]","[6.02351, 24.28038]","[3.87761, 25.35869]","[6.82295, 26.39456]","[7.87612, 30.88108]","[11.34691, 31.40818]","[17.29808, 27.64952]","[18.36858, 28.80222]","[17.69014, 32.75477]","[17.72407, 35.36092]","[14.44343, 37.51664]","[15.33414, 30.42152]","[0.00000, 38.34381]"
"[80, 81]","[4.54870, 27.21760]","[5.22804, 25.69907]","[6.19159, 28.68889]","[8.61542, 31.70747]","[12.41276, 31.81692]","[17.22617, 29.00567]","[17.21930, 30.81779]","[17.68167, 33.04643]","[18.57217, 34.33382]","[15.53471, 36.20831]","[13.75352, 32.23088]","[0.00000, 37.88203]"
"[81, 82]","[6.39167, 26.58126]","[4.65274, 24.97958]","[5.10363, 26.81795]","[6.62359, 31.27451]","[13.50729, 30.46851]","[17.79121, 30.07952]","[20.90585, 28.96262]","[18.08480, 33.33358]","[17.94885, 34.81178]","[15.27908, 36.92723]","[17.07277, 30.84654]","[2.07785, 38.31502]"
"[82, 83]","[6.39491, 28.79367]","[6.10032, 28.13526]","[7.16111, 28.42663]","[8.74568, 29.38818]","[10.56243, 30.89741]","[18.52496, 27.16651]","[18.67246, 31.77130]","[19.50059, 34.67464]","[18.75544, 36.11360]","[15.24986, 36.34055]","[15.18663, 30.29934]","[0.37205, 38.83632]"
"[83, 84]","[6.53162, 30.30718]","[7.13739, 27.38553]","[7.27128, 28.26932]","[9.02902, 30.08158]","[12.95249, 30.75633]","[17.71184, 30.33239]","[21.40126, 30.06247]","[18.99521, 34.62337]","[19.07547, 34.91486]","[15.48869, 36.48212]","[15.77017, 31.76345]","[2.90014, 38.90864]"
"[84, 85]","[6.30673, 28.94673]","[5.18328, 29.69648]","[10.57300, 28.10013]","[12.80995, 30.76827]","[14.79664, 32.18292]","[18.49027, 30.21331]","[18.32557, 32.00167]","[19.58913, 33.12752]","[18.17198, 36.32178]","[16.45769, 36.68576]","[16.54308, 31.18333]","[2.13489, 38.29703]"
"[85, 86]","[5.81113, 28.86389]","[7.27088, 27.22017]","[9.41620, 29.49979]","[13.46533, 31.64539]","[16.06412, 33.78969]","[19.64312, 32.32314]","[20.96412, 31.57135]","[18.92784, 34.04266]","[19.05534, 34.00752]","[15.02644, 36.10794]","[15.56344, 30.57679]","[0.21688, 39.29360]"
"[86, 87]","[6.39564, 27.80406]","[8.63064, 25.40072]","[8.90034, 29.68741]","[13.78727, 30.57173]","[15.58716, 32.65498]","[19.08629, 30.84278]","[21.16098, 30.09580]","[20.00860, 33.41747]","[18.55838, 36.56492]","[16.21393, 37.39078]","[15.55660, 32.16403]","[2.25592, 37.52415]"
"[87, 88]","[6.23789, 29.55355]","[5.79963, 29.51613]","[8.63469, 31.01085]","[14.03293, 31.52915]","[16.16508, 33.52171]","[20.16656, 31.01312]","[18.87615, 32.82311]","[18.82079, 34.07881]","[19.95412, 34.23970]","[17.29594, 35.88067]","[16.65828, 31.66897]","[2.06998, 39.14038]"
"[88, 89]","[7.77604, 31.29758]","[8.26931, 30.17989]","[10.85968, 30.91594]","[15.46899, 30.74723]","[15.83554, 33.30248]","[18.25839, 32.00192]","[19.85568, 31.37203]","[20.41624, 32.80792]","[18.76568, 36.44683]","[17.67374, 37.04090]","[19.02468, 31.39614]","[5.54370, 38.44006]"
"[89, 90]","[8.18730, 30.06202]","[7.68330, 28.52314]","[9.67374, 28.09912]","[10.04940, 31.55043]","[13.59887, 32.21771]","[19.83306, 29.54386]","[19.43810, 32.81777]","[19.68087, 34.84650]","[19.94723, 35.55185]","[18.36431, 35.61732]","[17.98191, 31.55435]","[4.37523, 39.06257]"
"[90, 91]","[9.71396, 31.66505]","[9.88006, 30.14451]","[12.10169, 29.34872]","[10.08419, 34.56249]","[14.45764, 33.78014]","[19.24958, 32.12050]","[23.31650, 30.51557]","[20.81075, 34.67250]","[20.21186, 35.56070]","[17.39589, 36.59882]","[19.48392, 30.62296]","[6.26361, 38.99581]"
"[91, 92]","[8.92775, 30.95116]","[10.14435, 28.90663]","[12.15692, 29.83546]","[8.82408, 37.91130]","[18.16673, 32.73431]","[20.53498, 32.90964]","[21.54875, 33.31537]","[21.46381, 34.42347]","[19.97306, 36.19542]","[18.74109, 35.71175]","[18.91885, 31.17309]","[4.46234, 39.86342]"
"[92, 93]","[9.50709, 31.17900]","[12.74487, 27.25870]","[13.01173, 30.70586]","[14.95080, 34.19074]","[19.05244, 33.94044]","[21.80291, 32.29896]","[21.41796, 32.44486]","[20.06556, 34.10343]","[19.81494, 35.26115]","[18.29399, 36.35563]","[19.23912, 31.93552]","[5.10934, 40.33518]"
"[93, 94]","[9.58850, 31.01939]","[11.01715, 29.15112]","[14.30759, 29.38841]","[12.88372, 35.78718]","[19.27933, 33.08959]","[20.33171, 33.65139]","[22.90532, 31.75051]","[21.28088, 34.31700]","[19.32706, 37.04586]","[19.23253, 35.96583]","[21.07033, 29.92758]","[5.26791, 39.81306]"
"[94, 95]","[10.45309, 32.81447]","[12.24963, 29.27254]","[13.03985, 31.32099]","[17.56233, 32.42281]","[19.97508, 34.89368]","[23.49421, 33.22745]","[22.76243, 33.32273]","[20.58443, 34.56468]","[20.56866, 34.57712]","[18.64046, 36.39781]","[20.53388, 32.30221]","[7.07651, 41.07135]"
"[95, 96]","[9.31992, 31.51167]","[11.59322, 29.14964]","[15.98060, 29.28816]","[18.55777, 32.43729]","[19.22128, 35.20492]","[20.57877, 34.30433]","[23.48830, 30.95653]","[21.10054, 34.08950]","[19.83932, 36.83944]","[19.35562, 36.95497]","[21.68361, 30.53936]","[5.98496, 39.76650]"
"[96, 97]","[10.42815, 29.78719]","[13.79166, 27.33727]","[15.37792, 31.18972]","[20.36197, 32.10498]","[21.18341, 34.12686]","[20.89803, 34.10906]","[21.38899, 32.85687]","[20.85321, 34.31321]","[21.01268, 35.83808]","[20.26160, 35.97875]","[19.65352, 31.90935]","[4.68057, 40.06244]"
"[97, 98]","[9.32613, 32.40117]","[13.04629, 28.27562]","[15.19459, 30.19711]","[19.92301, 31.06775]","[20.42834, 34.21867]","[20.97180, 34.29251]","[23.40059, 31.13209]","[20.90505, 33.71494]","[21.21214, 34.40712]","[18.96412, 36.44323]","[19.94797, 32.12122]","[8.27280, 38.11002]"
"[98, 99]","[10.31248, 30.26299]","[12.60350, 27.62833]","[15.52568, 29.27034]","[19.36522, 31.67997]","[21.46693, 33.82546]","[21.32468, 35.06232]","[22.19772, 33.83784]","[21.46166, 34.88309]","[21.60103, 35.64330]","[20.21011, 36.28327]","[21.39812, 30.88249]","[4.95336, 40.76889]"
"[99, 100]","[12.25548, 31.87595]","[14.21719, 29.61734]","[16.35087, 30.64567]","[20.21805, 31.05868]","[20.46790, 33.73486]","[20.78127, 34.37740]","[22.80935, 32.57248]","[22.01289, 34.12500]","[20.39319, 36.66302]","[20.19893, 36.19828]","[21.99719, 31.01483]","[8.19974, 39.77603]"
"[100, 101]","[12.25958, 30.64081]","[12.15999, 30.31799]","[15.95317, 30.05770]","[18.83429, 32.29769]","[21.60023, 33.34990]","[21.10983, 35.23389]","[22.90926, 33.45051]","[21.47664, 35.03633]","[21.10634, 35.75447]","[20.07140, 35.81825]","[20.85536, 31.48535]","[7.22529, 39.84110]"
"[101, 102]","[13.00743, 32.75425]","[15.05529, 28.65419]","[16.02175, 29.40723]","[0.00000, 50.40444]","[20.79355, 33.29021]","[21.82628, 34.57659]","[24.32465, 32.47073]","[22.19635, 34.45186]","[20.31037, 36.49546]","[20.57122, 35.96770]","[22.69003, 31.73689]","[9.89747, 40.33321]"
"[102, 103]","[13.03738, 32.73951]","[13.08662, 31.35426]","[15.97735, 29.76011]","[0.00000, 49.77207]","[19.62171, 32.20225]","[20.82884, 33.51933]","[22.80696, 33.40851]","[22.41304, 35.15247]","[21.72361, 36.30779]","[20.50321, 36.33999]","[21.74729, 31.93203]","[8.69614, 40.69650]"
"[103, 104]","[14.26268, 32.66596]","[16.85691, 29.44655]","[17.49930, 30.89886]","[7.22745, 44.67961]","[20.89220, 34.10657]","[21.85485, 34.84321]","[24.00611, 33.28786]","[22.65469, 34.86335]","[21.12409, 36.33295]","[20.75092, 35.63202]","[21.35114, 32.34119]","[8.44356, 41.51580]"
"[104, 105]","[11.07419, 32.64172]","[13.11561, 31.98837]","[18.30112, 32.39544]","[20.24306, 36.02516]","[22.91704, 35.45881]","[21.54363, 35.68778]","[24.25278, 31.61568]","[21.88058, 34.72181]","[21.33383, 37.12602]","[21.89084, 36.32538]","[23.30768, 30.67892]","[9.47293, 38.20807]"
"[105, 110]","[14.70154, 33.07685]","[17.72404, 31.21662]","[20.27558, 32.77348]","[16.77143, 40.40790]","[22.78718, 36.07541]","[22.06568, 36.04340]","[23.93785, 33.00629]","[22.29542, 34.74667]","[21.27814, 36.63727]","[21.70858, 35.79807]","[22.64277, 31.92041]","[10.19654, 40.13843]"
"[110, 115]","[14.70222, 33.69544]","[17.99578, 31.74492]","[22.11879, 32.76977]","[25.64283, 34.44951]","[24.50903, 37.37961]","[22.73039, 37.36622]","[24.12798, 33.43796]","[21.98090, 35.06291]","[21.82783, 36.54180]","[22.86316, 35.95548]","[24.06406, 32.13738]","[11.94691, 39.57288]"
"[115, 120]","[16.91781, 33.31621]","[19.24566, 32.12821]","[22.07934, 33.72004]","[26.34573, 33.94348]","[24.40378, 37.49166]","[22.95777, 37.52062]","[24.61403, 33.83927]","[22.74404, 35.36360]","[22.43163, 36.81172]","[23.41366, 36.10689]","[25.00896, 32.11116]","[14.28784, 38.68812]"
"[120, 125]","[18.24029, 33.56518]","[19.87161, 31.46776]","[21.70358, 31.81040]","[24.00622, 33.06683]","[24.12595, 35.80629]","[23.11455, 37.75378]","[25.58840, 34.71567]","[23.22000, 36.30132]","[22.55189, 36.63504]","[23.36344, 35.35350]","[25.07739, 32.02920]","[15.61711, 38.71316]"
"[125, 130]","[19.02383, 33.00774]","[21.30095, 32.00255]","[23.70410, 34.55627]","[27.45994, 35.78056]","[26.53382, 38.20464]","[23.53724, 38.97814]","[25.24741, 34.25298]","[22.86091, 35.81148]","[23.24409, 36.84666]","[24.86789, 36.17402]","[26.38495, 32.71507]","[16.89008, 38.05781]"
"[130, 135]","[20.40954, 33.38889]","[22.06908, 32.56849]","[23.83822, 34.72919]","[18.23102, 44.65547]","[27.05278, 37.65216]","[23.96731, 39.48407]","[26.16023, 34.94993]","[23.73258, 36.30859]","[23.43301, 37.18199]","[25.02930, 36.00012]","[26.60380, 32.83701]","[18.65623, 37.53447]"
"[135, 140]","[21.07594, 34.00586]","[23.74892, 32.95297]","[25.22946, 36.08176]","[21.32101, 44.44436]","[27.86654, 39.17221]","[24.76179, 40.10562]","[26.81063, 34.93184]","[24.07139, 36.26198]","[23.81355, 37.12690]","[25.20037, 36.29134]","[27.08747, 32.91985]","[20.12145, 36.84082]"
"[140, 145]","[21.59335, 34.09137]","[24.23164, 33.29415]","[26.42910, 36.15678]","[30.31090, 36.99656]","[29.03481, 39.27453]","[24.78771, 40.62102]","[13.62537, 47.95914]","[24.11046, 35.86697]","[23.98678, 36.94567]","[25.40736, 36.58464]","[27.45707, 33.29905]","[21.42797, 36.21366]"
"[145, 150]","[22.50078, 34.59454]","[24.40446, 34.48953]","[26.94790, 36.27200]","[30.97311, 35.97255]","[29.15218, 38.24346]","[24.73287, 40.00727]","[11.10549, 50.55345]","[24.61360, 36.04140]","[24.34156, 37.36486]","[25.87417, 36.68906]","[27.74026, 33.57827]","[22.96963, 35.62708]"
"[150, 155]","[23.47304, 34.16209]","[25.49016, 33.91285]","[27.94227, 36.14158]","[30.91140, 37.66077]","[30.22061, 39.50738]","[26.04597, 41.10961]","[25.95575, 37.43971]","[24.96797, 36.42452]","[24.38283, 37.38657]","[26.16000, 36.41392]","[27.95865, 33.69454]","[23.30867, 35.85919]"
"[155, 160]","[23.96591, 34.31708]","[25.85302, 33.32459]","[26.74558, 36.13349]","[20.85150, 46.03788]","[30.08239, 38.21314]","[25.78593, 40.60251]","[11.48210, 51.70317]","[25.13984, 36.24294]","[24.66007, 37.13617]","[26.38286, 36.42585]","[28.29179, 34.01864]","[23.90802, 36.19460]"
"[160, 165]","[24.45283, 34.69543]","[26.01144, 34.99018]","[28.10987, 36.92605]","[20.35451, 48.15179]","[30.41337, 38.57791]","[25.90529, 40.62791]","[10.33494, 53.11965]","[25.68757, 36.38437]","[25.33556, 37.24788]","[26.70127, 36.48688]","[28.53483, 33.69764]","[23.87147, 36.27327]"
"[165, 170]","[24.88644, 34.97189]","[27.19586, 34.62827]","[28.85467, 37.32497]","[21.09770, 48.93940]","[30.99233, 39.65733]","[26.51084, 41.34982]","[14.50113, 49.63698]","[25.88102, 36.31168]","[25.42782, 37.11045]","[26.90903, 36.45244]","[28.86471, 33.86380]","[24.66745, 36.14900]"
"[170, 175]","[24.99693, 35.20339]","[27.46496, 34.30691]","[28.71091, 37.15725]","[18.71120, 51.13895]","[30.76160, 40.11155]","[26.99045, 41.43636]","[14.13255, 50.57553]","[25.97807, 36.51300]","[25.50961, 37.09649]","[27.25915, 36.22173]","[28.92243, 34.18090]","[25.09044, 36.24791]"
"[175, 180]","[26.00288, 35.79235]","[26.49359, 36.27664]","[28.35139, 36.91183]","[17.99713, 49.99180]","[31.08061, 38.19282]","[26.89162, 41.55464]","[29.81278, 36.53359]","[27.17091, 37.30905]","[27.97402, 35.69941]","[27.34717, 36.17842]","[28.79896, 34.33354]","[25.80892, 36.46428]"
"[180, 185]","[25.89616, 35.76723]","[27.04651, 36.20242]","[29.11913, 37.95583]","[22.86016, 47.99214]","[32.17047, 39.79353]","[27.38865, 42.38272]","[19.39854, 46.72739]","[26.71588, 36.89340]","[28.07612, 35.16044]","[27.63782, 36.20582]","[29.28214, 34.38091]","[26.05712, 36.34524]"
"[185, 190]","[25.94154, 35.37345]","[28.39382, 35.40617]","[30.00528, 39.02544]","[33.46210, 40.15598]","[33.04141, 41.26953]","[28.05649, 42.83269]","[29.11840, 37.13878]","[26.99124, 36.68683]","[26.94953, 36.92784]","[28.12585, 36.68830]","[29.20262, 35.01279]","[25.96435, 36.24280]"
"[190, 195]","[26.82966, 35.24956]","[26.16275, 37.60126]","[27.63772, 40.06453]","[22.00192, 49.70339]","[32.07415, 41.02423]","[30.43954, 40.59983]","[30.54331, 36.67006]","[26.56135, 37.68642]","[27.00704, 36.39895]","[17.25566, 46.52455]","[28.84954, 34.81842]","[26.55157, 36.07894]"